1001,Atlas,Books,33338
1002,Jeans,Clothing,60120
1003,Desk,Furniture,65051
1004,Headphones,Electronics,68824
1005,Lamp,Home Decor,46333
1006,Shirt,Clothing,67117
1007,Jeans,Clothing,92198
1008,Tablet,Electronics,89975
1009,Atlas,Books,74863
1010,Sofa,Furniture,27289
1011,Mirror,Home Decor,87582
1012,Headphones,Electronics,70055
1013,Vase,Home Decor,41138
1014,Sofa,Furniture,11376
1015,Clock,Home Decor,23923
1016,Shirt,Clothing,23959
1017,Table,Furniture,79081
1018,Tablet,Electronics,9016
1019,Monitor,Electronics,45112
1020,Clock,Home Decor,93856
1021,Desk,Furniture,61466
1022,Monitor,Electronics,9282
1023,Shirt,Clothing,27380
1024,Lamp,Home Decor,73851
1025,Clock,Home Decor,50496
1026,Textbook,Books,67258
1027,Shoes,Clothing,16455
1028,Rug,Home Decor,60597
1029,Chair,Furniture,43844
1030,Chair,Furniture,17194
1031,Shoes,Clothing,63993
1032,Laptop,Electronics,81722
1033,Sofa,Furniture,8027
1034,Vase,Home Decor,41795
1035,Shoes,Clothing,11835
1036,Desk,Furniture,34135
1037,Shoes,Clothing,56893
1038,Lamp,Home Decor,58308
1039,Clock,Home Decor,77761
1040,Comic,Books,14315
1041,Headphones,Electronics,88346
1042,Novel,Books,68145
1043,Journal,Books,52734
1044,Jacket,Clothing,59462
1045,Shoes,Clothing,33945
1046,Rug,Home Decor,99907
1047,Hat,Clothing,98245
1048,Jacket,Clothing,73158
1049,Tablet,Electronics,15356
1050,Shelf,Furniture,33155
1051,Headphones,Electronics,51806
1052,Shoes,Clothing,16693
1053,Lamp,Home Decor,63815
1054,Table,Furniture,70680
1055,Clock,Home Decor,3815
1056,Rug,Home Decor,9645
1057,Vase,Home Decor,67487
1058,Chair,Furniture,95890
1059,Journal,Books,35017
1060,Monitor,Electronics,81574
1061,Clock,Home Decor,86802
1062,Table,Furniture,48218
1063,Sofa,Furniture,90443
1064,Jacket,Clothing,42128
1065,Comic,Books,22772
1066,Chair,Furniture,43607
1067,Chair,Furniture,69103
1068,Hat,Clothing,59558
1069,Comic,Books,96084
1070,Headphones,Electronics,74490
1071,Tablet,Electronics,67649
1072,Novel,Books,81986
1073,Chair,Furniture,25296
1074,Tablet,Electronics,79314
1075,Mirror,Home Decor,15265
1076,Journal,Books,50212
1077,Shirt,Clothing,54671
1078,Vase,Home Decor,81336
1079,Monitor,Electronics,86375
1080,Tablet,Electronics,23502
1081,Comic,Books,4443
1082,Laptop,Electronics,90110
1083,Hat,Clothing,22631
1084,Table,Furniture,52155
1085,Chair,Furniture,30801
1086,Sofa,Furniture,35733
1087,Shirt,Clothing,99959
1088,Headphones,Electronics,20608
1089,Atlas,Books,2698
1090,Novel,Books,37330
1091,Jacket,Clothing,81777
1092,Shoes,Clothing,77663
1093,Atlas,Books,43067
1094,Shelf,Furniture,77172
1095,Sofa,Furniture,21979
1096,Novel,Books,61361
1097,Novel,Books,80538
1098,Clock,Home Decor,70555
1099,Shirt,Clothing,96304
1100,Mirror,Home Decor,56046
1101,Sofa,Furniture,34762
1102,Clock,Home Decor,95749
1103,Lamp,Home Decor,60627
1104,Jacket,Clothing,61415
1105,Shoes,Clothing,64977
1106,Lamp,Home Decor,47838
1107,Tablet,Electronics,85895
1108,Monitor,Electronics,93048
1109,Lamp,Home Decor,28963
1110,Shoes,Clothing,75716
1111,Comic,Books,21644
1112,Shelf,Furniture,10751
1113,Lamp,Home Decor,74198
1114,Rug,Home Decor,81088
1115,Hat,Clothing,98698
1116,Chair,Furniture,27667
1117,Journal,Books,52851
1118,Tablet,Electronics,85919
1119,Table,Furniture,59098
1120,Textbook,Books,66470
1121,Shoes,Clothing,55276
1122,Headphones,Electronics,70961
1123,Chair,Furniture,80877
1124,Laptop,Electronics,94295
1125,Lamp,Home Decor,24026
1126,Chair,Furniture,48894
1127,Sofa,Furniture,42265
1128,Clock,Home Decor,95374
1129,Comic,Books,7378
1130,Headphones,Electronics,17332
1131,Mirror,Home Decor,78014
1132,Journal,Books,34119
1133,Shelf,Furniture,48614
1134,Jeans,Clothing,58534
1135,Clock,Home Decor,4697
1136,Lamp,Home Decor,47523
1137,Headphones,Electronics,68125
1138,Journal,Books,88753
1139,Clock,Home Decor,15269
1140,Textbook,Books,64118
1141,Textbook,Books,6226
1142,Jacket,Clothing,31016
1143,Monitor,Electronics,22505
1144,Comic,Books,15563
1145,Hat,Clothing,51481
1146,Atlas,Books,83675
1147,Tablet,Electronics,56431
1148,Sofa,Furniture,56837
1149,Jeans,Clothing,11854
1150,Tablet,Electronics,45298
1151,Monitor,Electronics,37123
1152,Clock,Home Decor,67764
1153,Table,Furniture,42262
1154,Shelf,Furniture,97084
1155,Shoes,Clothing,97902
1156,Vase,Home Decor,27954
1157,Table,Furniture,91926
1158,Desk,Furniture,54815
1159,Tablet,Electronics,84519
1160,Novel,Books,83362
1161,Phone,Electronics,30196
1162,Laptop,Electronics,93580
1163,Jacket,Clothing,1820
1164,Table,Furniture,9549
1165,Journal,Books,73890
1166,Laptop,Electronics,8929
1167,Clock,Home Decor,41310
1168,Jeans,Clothing,66574
1169,Monitor,Electronics,42476
1170,Vase,Home Decor,72539
1171,Shoes,Clothing,81962
1172,Chair,Furniture,81691
1173,Laptop,Electronics,84121
1174,Atlas,Books,74538
1175,Mirror,Home Decor,37901
1176,Sofa,Furniture,36395
1177,Laptop,Electronics,93117
1178,Atlas,Books,11135
1179,Jeans,Clothing,71245
1180,Laptop,Electronics,42322
1181,Lamp,Home Decor,71585
1182,Mirror,Home Decor,72158
1183,Phone,Electronics,21701
1184,Sofa,Furniture,69752
1185,Atlas,Books,57334
1186,Shoes,Clothing,67282
1187,Chair,Furniture,94997
1188,Desk,Furniture,80070
1189,Sofa,Furniture,46090
1190,Atlas,Books,95541
1191,Headphones,Electronics,73664
1192,Laptop,Electronics,34566
1193,Headphones,Electronics,14020
1194,Tablet,Electronics,12222
1195,Journal,Books,32083
1196,Atlas,Books,42387
1197,Shelf,Furniture,3582
1198,Shelf,Furniture,30892
1199,Jacket,Clothing,65641
1200,Vase,Home Decor,22859
1201,Comic,Books,11026
1202,Sofa,Furniture,13625
1203,Shoes,Clothing,40288
1204,Table,Furniture,25042
1205,Jacket,Clothing,37141
1206,Lamp,Home Decor,89986
1207,Mirror,Home Decor,82429
1208,Atlas,Books,48465
1209,Shirt,Clothing,3877
1210,Jacket,Clothing,72453
1211,Laptop,Electronics,96404
1212,Shelf,Furniture,90472
1213,Jacket,Clothing,97688
1214,Shoes,Clothing,79151
1215,Headphones,Electronics,1364
1216,Hat,Clothing,72245
1217,Shirt,Clothing,73238
1218,Sofa,Furniture,82548
1219,Comic,Books,68584
1220,Comic,Books,14904
1221,Novel,Books,86592
1222,Phone,Electronics,20657
1223,Clock,Home Decor,82512
1224,Laptop,Electronics,24819
1225,Desk,Furniture,28124
1226,Rug,Home Decor,54572
1227,Chair,Furniture,1163
1228,Textbook,Books,32613
1229,Novel,Books,46647
1230,Jacket,Clothing,82465
1231,Tablet,Electronics,35866
1232,Shirt,Clothing,2978
1233,Atlas,Books,67225
1234,Shelf,Furniture,49370
1235,Journal,Books,14580
1236,Shelf,Furniture,23237
1237,Phone,Electronics,46047
1238,Comic,Books,20943
1239,Jacket,Clothing,15308
1240,Monitor,Electronics,15149
1241,Laptop,Electronics,37164
1242,Jeans,Clothing,94231
1243,Novel,Books,48469
1244,Clock,Home Decor,77423
1245,Novel,Books,92819
1246,Shelf,Furniture,3274
1247,Monitor,Electronics,3786
1248,Vase,Home Decor,37241
1249,Table,Furniture,53242
1250,Shelf,Furniture,21860
1251,Jacket,Clothing,37461
1252,Chair,Furniture,61752
1253,Mirror,Home Decor,33519
1254,Table,Furniture,69736
1255,Jeans,Clothing,26767
1256,Novel,Books,74462
1257,Sofa,Furniture,32096
1258,Desk,Furniture,26040
1259,Comic,Books,95142
1260,Table,Furniture,43437
1261,Vase,Home Decor,19144
1262,Comic,Books,67575
1263,Textbook,Books,5194
1264,Clock,Home Decor,86903
1265,Shelf,Furniture,40634
1266,Tablet,Electronics,17291
1267,Mirror,Home Decor,67551
1268,Rug,Home Decor,23787
1269,Mirror,Home Decor,67295
1270,Jacket,Clothing,52539
1271,Desk,Furniture,65414
1272,Shoes,Clothing,76633
1273,Chair,Furniture,99576
1274,Tablet,Electronics,21086
1275,Vase,Home Decor,16260
1276,Hat,Clothing,66780
1277,Jacket,Clothing,25121
1278,Novel,Books,84427
1279,Novel,Books,53289
1280,Tablet,Electronics,10516
1281,Headphones,Electronics,65018
1282,Rug,Home Decor,29239
1283,Hat,Clothing,16690
1284,Lamp,Home Decor,32875
1285,Headphones,Electronics,61621
1286,Chair,Furniture,85069
1287,Table,Furniture,10555
1288,Shoes,Clothing,71872
1289,Rug,Home Decor,17957
1290,Journal,Books,92566
1291,Comic,Books,77609
1292,Comic,Books,79826
1293,Monitor,Electronics,39031
1294,Headphones,Electronics,13294
1295,Textbook,Books,55837
1296,Comic,Books,44172
1297,Vase,Home Decor,70219
1298,Shoes,Clothing,67168
1299,Shoes,Clothing,63916
1300,Desk,Furniture,98979
1301,Headphones,Electronics,35962
1302,Phone,Electronics,35418
1303,Sofa,Furniture,15990
1304,Shirt,Clothing,50870
1305,Headphones,Electronics,38211
1306,Headphones,Electronics,44511
1307,Vase,Home Decor,42326
1308,Phone,Electronics,38173
1309,Comic,Books,7801
1310,Jacket,Clothing,74374
1311,Journal,Books,42314
1312,Journal,Books,12933
1313,Textbook,Books,985
1314,Laptop,Electronics,16221
1315,Shirt,Clothing,61983
1316,Clock,Home Decor,85979
1317,Shelf,Furniture,54670
1318,Desk,Furniture,41813
1319,Monitor,Electronics,89728
1320,Hat,Clothing,37454
1321,Desk,Furniture,67188
1322,Table,Furniture,46213
1323,Journal,Books,8615
1324,Jacket,Clothing,9547
1325,Tablet,Electronics,30704
1326,Phone,Electronics,69731
1327,Laptop,Electronics,37908
1328,Jeans,Clothing,1083
1329,Shelf,Furniture,52346
1330,Table,Furniture,8810
1331,Rug,Home Decor,30129
1332,Table,Furniture,41518
1333,Tablet,Electronics,90542
1334,Desk,Furniture,67473
1335,Chair,Furniture,13381
1336,Shirt,Clothing,92488
1337,Chair,Furniture,69304
1338,Monitor,Electronics,79475
1339,Journal,Books,7039
1340,Sofa,Furniture,8267
1341,Sofa,Furniture,78376
1342,Mirror,Home Decor,77805
1343,Monitor,Electronics,10359
1344,Shirt,Clothing,80615
1345,Shelf,Furniture,7501
1346,Chair,Furniture,6893
1347,Novel,Books,8400
1348,Sofa,Furniture,92344
1349,Headphones,Electronics,10473
1350,Jacket,Clothing,4541
1351,Hat,Clothing,52933
1352,Lamp,Home Decor,91677
1353,Phone,Electronics,36835
1354,Shelf,Furniture,53596
1355,Lamp,Home Decor,46292
1356,Shoes,Clothing,67812
1357,Rug,Home Decor,64237
1358,Comic,Books,2519
1359,Table,Furniture,68833
1360,Vase,Home Decor,32180
1361,Textbook,Books,53889
1362,Journal,Books,14868
1363,Tablet,Electronics,27388
1364,Rug,Home Decor,24499
1365,Jacket,Clothing,60416
1366,Lamp,Home Decor,96194
1367,Chair,Furniture,92219
1368,Jeans,Clothing,28795
1369,Laptop,Electronics,43816
1370,Table,Furniture,84215
1371,Journal,Books,31672
1372,Table,Furniture,32189
1373,Textbook,Books,18326
1374,Jeans,Clothing,52283
1375,Chair,Furniture,95714
1376,Rug,Home Decor,68899
1377,Shelf,Furniture,8536
1378,Monitor,Electronics,77268
1379,Journal,Books,91793
1380,Sofa,Furniture,42791
1381,Jacket,Clothing,54278
1382,Jeans,Clothing,72098
1383,Table,Furniture,34445
1384,Jeans,Clothing,37611
1385,Jeans,Clothing,20634
1386,Desk,Furniture,64621
1387,Phone,Electronics,92871
1388,Jeans,Clothing,91676
1389,Rug,Home Decor,20362
1390,Atlas,Books,60435
1391,Hat,Clothing,83859
1392,Jacket,Clothing,22294
1393,Tablet,Electronics,75515
1394,Table,Furniture,25442
1395,Clock,Home Decor,74642
1396,Desk,Furniture,65086
1397,Table,Furniture,15228
1398,Vase,Home Decor,91518
1399,Lamp,Home Decor,94447
1400,Desk,Furniture,46850
1401,Jacket,Clothing,21979
1402,Shirt,Clothing,16498
1403,Clock,Home Decor,70278
1404,Comic,Books,14415
1405,Jacket,Clothing,76618
1406,Atlas,Books,29252
1407,Clock,Home Decor,56699
1408,Clock,Home Decor,54473
1409,Headphones,Electronics,49182
1410,Monitor,Electronics,57951
1411,Desk,Furniture,23504
1412,Jacket,Clothing,34397
1413,Rug,Home Decor,75878
1414,Desk,Furniture,85963
1415,Rug,Home Decor,57549
1416,Vase,Home Decor,86284
1417,Atlas,Books,16919
1418,Monitor,Electronics,19048
1419,Vase,Home Decor,95742
1420,Shelf,Furniture,71074
1421,Desk,Furniture,45535
1422,Textbook,Books,17795
1423,Vase,Home Decor,52050
1424,Jacket,Clothing,86515
1425,Hat,Clothing,15977
1426,Desk,Furniture,10347
1427,Lamp,Home Decor,9047
1428,Textbook,Books,85265
1429,Desk,Furniture,77029
1430,Novel,Books,50936
1431,Desk,Furniture,15328
1432,Hat,Clothing,54117
1433,Table,Furniture,9239
1434,Desk,Furniture,54545
1435,Shoes,Clothing,64463
1436,Sofa,Furniture,77168
1437,Shirt,Clothing,22802
1438,Hat,Clothing,22835
1439,Lamp,Home Decor,56630
1440,Table,Furniture,85951
1441,Atlas,Books,96152
1442,Headphones,Electronics,51241
1443,Jacket,Clothing,76388
1444,Phone,Electronics,34328
1445,Jeans,Clothing,92380
1446,Jacket,Clothing,34209
1447,Tablet,Electronics,2385
1448,Shirt,Clothing,89695
1449,Monitor,Electronics,70611
1450,Lamp,Home Decor,47537
1451,Table,Furniture,74108
1452,Textbook,Books,74167
1453,Shirt,Clothing,53931
1454,Chair,Furniture,14411
1455,Mirror,Home Decor,68335
1456,Monitor,Electronics,34930
1457,Laptop,Electronics,9172
1458,Atlas,Books,87481
1459,Clock,Home Decor,27012
1460,Sofa,Furniture,18170
1461,Phone,Electronics,38669
1462,Atlas,Books,84404
1463,Headphones,Electronics,6723
1464,Shirt,Clothing,79770
1465,Phone,Electronics,71717
1466,Comic,Books,11697
1467,Jeans,Clothing,44028
1468,Mirror,Home Decor,97979
1469,Shirt,Clothing,69245
1470,Hat,Clothing,40270
1471,Hat,Clothing,94348
1472,Textbook,Books,85817
1473,Headphones,Electronics,24839
1474,Vase,Home Decor,81567
1475,Sofa,Furniture,95791
1476,Atlas,Books,37824
1477,Clock,Home Decor,37336
1478,Novel,Books,75815
1479,Journal,Books,17890
1480,Headphones,Electronics,99367
1481,Atlas,Books,63562
1482,Vase,Home Decor,97595
1483,Clock,Home Decor,78996
1484,Comic,Books,37362
1485,Comic,Books,32185
1486,Chair,Furniture,77226
1487,Tablet,Electronics,91095
1488,Chair,Furniture,63644
1489,Chair,Furniture,55531
1490,Jeans,Clothing,60642
1491,Hat,Clothing,34187
1492,Headphones,Electronics,64360
1493,Jacket,Clothing,84870
1494,Shoes,Clothing,61377
1495,Jeans,Clothing,97590
1496,Rug,Home Decor,96414
1497,Phone,Electronics,5410
1498,Clock,Home Decor,67412
1499,Headphones,Electronics,90225
1500,Lamp,Home Decor,70666
1501,Atlas,Books,63920
1502,Mirror,Home Decor,97087
1503,Sofa,Furniture,24044
1504,Hat,Clothing,52559
1505,Vase,Home Decor,71664
1506,Shoes,Clothing,59674
1507,Rug,Home Decor,66466
1508,Journal,Books,37256
1509,Shoes,Clothing,91082
1510,Vase,Home Decor,46032
1511,Textbook,Books,49391
1512,Textbook,Books,1449
1513,Shelf,Furniture,44216
1514,Monitor,Electronics,91957
1515,Table,Furniture,3403
1516,Lamp,Home Decor,68362
1517,Vase,Home Decor,45305
1518,Novel,Books,88458
1519,Lamp,Home Decor,16616
1520,Jeans,Clothing,37521
1521,Jeans,Clothing,47030
1522,Shirt,Clothing,49811
1523,Tablet,Electronics,68758
1524,Novel,Books,83720
1525,Phone,Electronics,38087
1526,Table,Furniture,74056
1527,Atlas,Books,40619
1528,Comic,Books,20398
1529,Shirt,Clothing,97960
1530,Shoes,Clothing,40715
1531,Shelf,Furniture,60377
1532,Shoes,Clothing,52064
1533,Chair,Furniture,81514
1534,Phone,Electronics,15121
1535,Atlas,Books,34841
1536,Comic,Books,42499
1537,Phone,Electronics,58192
1538,Phone,Electronics,83024
1539,Shelf,Furniture,46252
1540,Vase,Home Decor,76699
1541,Vase,Home Decor,18666
1542,Shirt,Clothing,18718
1543,Comic,Books,981
1544,Phone,Electronics,7556
1545,Jacket,Clothing,53818
1546,Novel,Books,22305
1547,Lamp,Home Decor,88831
1548,Phone,Electronics,66871
1549,Vase,Home Decor,94515
1550,Phone,Electronics,37347
1551,Phone,Electronics,60600
1552,Monitor,Electronics,47164
1553,Mirror,Home Decor,62336
1554,Hat,Clothing,36922
1555,Mirror,Home Decor,38695
1556,Jacket,Clothing,96647
1557,Jacket,Clothing,68513
1558,Tablet,Electronics,30257
1559,Journal,Books,90072
1560,Textbook,Books,99965
1561,Atlas,Books,39621
1562,Mirror,Home Decor,63109
1563,Chair,Furniture,51997
1564,Monitor,Electronics,72761
1565,Headphones,Electronics,4786
1566,Jeans,Clothing,28361
1567,Lamp,Home Decor,99571
1568,Journal,Books,23669
1569,Clock,Home Decor,88945
1570,Laptop,Electronics,53658
1571,Journal,Books,8629
1572,Jacket,Clothing,18717
1573,Shirt,Clothing,85890
1574,Comic,Books,6887
1575,Tablet,Electronics,22347
1576,Clock,Home Decor,49434
1577,Phone,Electronics,73510
1578,Laptop,Electronics,45430
1579,Lamp,Home Decor,97063
1580,Novel,Books,90225
1581,Novel,Books,95179
1582,Hat,Clothing,76592
1583,Jeans,Clothing,85003
1584,Jeans,Clothing,70262
1585,Phone,Electronics,75727
1586,Table,Furniture,2857
1587,Jeans,Clothing,84991
1588,Shirt,Clothing,20369
1589,Monitor,Electronics,74920
1590,Headphones,Electronics,84291
1591,Jeans,Clothing,27881
1592,Shelf,Furniture,23031
1593,Lamp,Home Decor,5263
1594,Textbook,Books,64502
1595,Clock,Home Decor,20407
1596,Textbook,Books,3956
1597,Rug,Home Decor,40568
1598,Table,Furniture,10481
1599,Monitor,Electronics,93242
1600,Hat,Clothing,6626
1601,Hat,Clothing,50394
1602,Mirror,Home Decor,69340
1603,Comic,Books,47777
1604,Monitor,Electronics,91201
1605,Journal,Books,50198
1606,Tablet,Electronics,48620
1607,Hat,Clothing,37839
1608,Vase,Home Decor,42348
1609,Table,Furniture,4527
1610,Shoes,Clothing,28856
1611,Shelf,Furniture,26788
1612,Comic,Books,40958
1613,Shirt,Clothing,61807
1614,Headphones,Electronics,70032
1615,Textbook,Books,16658
1616,Shelf,Furniture,6343
1617,Jeans,Clothing,93683
1618,Desk,Furniture,80873
1619,Tablet,Electronics,25537
1620,Headphones,Electronics,16789
1621,Monitor,Electronics,79406
1622,Atlas,Books,47509
1623,Jacket,Clothing,91628
1624,Clock,Home Decor,58254
1625,Desk,Furniture,78795
1626,Tablet,Electronics,83865
1627,Textbook,Books,44677
1628,Shelf,Furniture,63182
1629,Novel,Books,64081
1630,Novel,Books,56135
1631,Jeans,Clothing,36267
1632,Comic,Books,20359
1633,Textbook,Books,39084
1634,Journal,Books,91843
1635,Tablet,Electronics,28151
1636,Atlas,Books,35876
1637,Textbook,Books,92554
1638,Headphones,Electronics,77126
1639,Monitor,Electronics,29766
1640,Sofa,Furniture,42031
1641,Phone,Electronics,76446
1642,Jacket,Clothing,71615
1643,Jeans,Clothing,91023
1644,Laptop,Electronics,35918
1645,Vase,Home Decor,34792
1646,Sofa,Furniture,94363
1647,Phone,Electronics,45458
1648,Clock,Home Decor,12674
1649,Laptop,Electronics,57121
1650,Hat,Clothing,94074
1651,Laptop,Electronics,20408
1652,Chair,Furniture,1749
1653,Atlas,Books,72831
1654,Phone,Electronics,8589
1655,Sofa,Furniture,71648
1656,Clock,Home Decor,43069
1657,Tablet,Electronics,39334
1658,Tablet,Electronics,82921
1659,Laptop,Electronics,27147
1660,Clock,Home Decor,64942
1661,Comic,Books,26246
1662,Phone,Electronics,34077
1663,Jacket,Clothing,42375
1664,Journal,Books,96219
1665,Hat,Clothing,12901
1666,Sofa,Furniture,97286
1667,Table,Furniture,51458
1668,Desk,Furniture,60440
1669,Novel,Books,38701
1670,Mirror,Home Decor,19732
1671,Atlas,Books,50293
1672,Shelf,Furniture,84081
1673,Tablet,Electronics,78939
1674,Rug,Home Decor,29872
1675,Shirt,Clothing,50010
1676,Vase,Home Decor,19972
1677,Shirt,Clothing,67175
1678,Shirt,Clothing,61452
1679,Headphones,Electronics,27796
1680,Comic,Books,88391
1681,Rug,Home Decor,26016
1682,Tablet,Electronics,97433
1683,Clock,Home Decor,60175
1684,Desk,Furniture,58865
1685,Rug,Home Decor,68747
1686,Atlas,Books,72591
1687,Headphones,Electronics,41279
1688,Comic,Books,19867
1689,Rug,Home Decor,14216
1690,Journal,Books,96611
1691,Desk,Furniture,19257
1692,Novel,Books,50035
1693,Phone,Electronics,67026
1694,Journal,Books,9472
1695,Comic,Books,47262
1696,Jacket,Clothing,93302
1697,Lamp,Home Decor,92599
1698,Rug,Home Decor,9877
1699,Mirror,Home Decor,75808
1700,Chair,Furniture,9929
1701,Laptop,Electronics,57176
1702,Mirror,Home Decor,37395
1703,Desk,Furniture,28166
1704,Tablet,Electronics,42043
1705,Clock,Home Decor,40914
1706,Headphones,Electronics,47974
1707,Clock,Home Decor,7698
1708,Lamp,Home Decor,16598
1709,Jacket,Clothing,3158
1710,Monitor,Electronics,22674
1711,Jacket,Clothing,79572
1712,Laptop,Electronics,82412
1713,Clock,Home Decor,29895
1714,Phone,Electronics,79489
1715,Tablet,Electronics,22967
1716,Table,Furniture,93431
1717,Chair,Furniture,31343
1718,Comic,Books,33255
1719,Monitor,Electronics,19290
1720,Lamp,Home Decor,614
1721,Novel,Books,52474
1722,Shoes,Clothing,29229
1723,Laptop,Electronics,6700
1724,Tablet,Electronics,42023
1725,Laptop,Electronics,4610
1726,Desk,Furniture,33255
1727,Journal,Books,64740
1728,Laptop,Electronics,58151
1729,Phone,Electronics,14963
1730,Clock,Home Decor,18839
1731,Vase,Home Decor,6743
1732,Monitor,Electronics,77297
1733,Shirt,Clothing,2447
1734,Monitor,Electronics,45890
1735,Novel,Books,39986
1736,Shirt,Clothing,8850
1737,Clock,Home Decor,62918
1738,Journal,Books,56684
1739,Sofa,Furniture,34269
1740,Table,Furniture,23490
1741,Phone,Electronics,31244
1742,Laptop,Electronics,28658
1743,Lamp,Home Decor,85676
1744,Lamp,Home Decor,50688
1745,Novel,Books,75075
1746,Vase,Home Decor,57081
1747,Vase,Home Decor,48448
1748,Vase,Home Decor,7526
1749,Novel,Books,5713
1750,Vase,Home Decor,98221
1751,Vase,Home Decor,84026
1752,Comic,Books,58559
1753,Table,Furniture,9056
1754,Phone,Electronics,73299
1755,Shoes,Clothing,81033
1756,Rug,Home Decor,44468
1757,Mirror,Home Decor,76663
1758,Rug,Home Decor,30368
1759,Textbook,Books,19911
1760,Mirror,Home Decor,33937
1761,Chair,Furniture,67072
1762,Shelf,Furniture,91020
1763,Shelf,Furniture,54366
1764,Headphones,Electronics,29078
1765,Desk,Furniture,2627
1766,Phone,Electronics,67735
1767,Sofa,Furniture,26901
1768,Chair,Furniture,48573
1769,Shirt,Clothing,9033
1770,Novel,Books,88759
1771,Jacket,Clothing,45315
1772,Journal,Books,23994
1773,Jacket,Clothing,11122
1774,Shoes,Clothing,49775
1775,Laptop,Electronics,70032
1776,Table,Furniture,30156
1777,Chair,Furniture,74872
1778,Tablet,Electronics,45648
1779,Mirror,Home Decor,71010
1780,Mirror,Home Decor,54443
1781,Chair,Furniture,38676
1782,Shirt,Clothing,52460
1783,Lamp,Home Decor,86358
1784,Lamp,Home Decor,53170
1785,Desk,Furniture,89187
1786,Shoes,Clothing,96083
1787,Journal,Books,55223
1788,Tablet,Electronics,40030
1789,Comic,Books,1885
1790,Textbook,Books,29589
1791,Clock,Home Decor,31055
1792,Comic,Books,74998
1793,Monitor,Electronics,67825
1794,Lamp,Home Decor,94955
1795,Textbook,Books,1282
1796,Headphones,Electronics,54694
1797,Jeans,Clothing,36933
1798,Jeans,Clothing,46984
1799,Rug,Home Decor,79346
1800,Desk,Furniture,30986
1801,Hat,Clothing,91245
1802,Chair,Furniture,60930
1803,Shirt,Clothing,49331
1804,Jeans,Clothing,61532
1805,Mirror,Home Decor,77330
1806,Mirror,Home Decor,60240
1807,Journal,Books,79622
1808,Textbook,Books,23471
1809,Comic,Books,23277
1810,Lamp,Home Decor,5309
1811,Hat,Clothing,44942
1812,Hat,Clothing,45477
1813,Lamp,Home Decor,27807
1814,Novel,Books,32548
1815,Shelf,Furniture,45862
1816,Lamp,Home Decor,9253
1817,Table,Furniture,12924
1818,Lamp,Home Decor,49599
1819,Mirror,Home Decor,62149
1820,Jacket,Clothing,21658
1821,Novel,Books,41492
1822,Mirror,Home Decor,64650
1823,Jacket,Clothing,55518
1824,Jeans,Clothing,92076
1825,Journal,Books,39844
1826,Headphones,Electronics,23318
1827,Novel,Books,39321
1828,Chair,Furniture,74489
1829,Monitor,Electronics,36580
1830,Table,Furniture,36225
1831,Laptop,Electronics,53491
1832,Headphones,Electronics,52467
1833,Lamp,Home Decor,27252
1834,Lamp,Home Decor,10611
1835,Mirror,Home Decor,45771
1836,Journal,Books,29748
1837,Jacket,Clothing,40998
1838,Chair,Furniture,84098
1839,Lamp,Home Decor,4691
1840,Lamp,Home Decor,65724
1841,Lamp,Home Decor,31214
1842,Laptop,Electronics,80158
1843,Mirror,Home Decor,48115
1844,Textbook,Books,44417
1845,Atlas,Books,51194
1846,Monitor,Electronics,35200
1847,Novel,Books,10761
1848,Chair,Furniture,29325
1849,Rug,Home Decor,53650
1850,Jacket,Clothing,14056
1851,Jeans,Clothing,81629
1852,Mirror,Home Decor,98632
1853,Novel,Books,66693
1854,Journal,Books,41132
1855,Atlas,Books,95242
1856,Hat,Clothing,37453
1857,Novel,Books,15622
1858,Chair,Furniture,26973
1859,Lamp,Home Decor,32371
1860,Phone,Electronics,61530
1861,Vase,Home Decor,88769
1862,Lamp,Home Decor,46601
1863,Headphones,Electronics,96783
1864,Table,Furniture,63654
1865,Mirror,Home Decor,18653
1866,Phone,Electronics,68285
1867,Shirt,Clothing,58743
1868,Tablet,Electronics,96637
1869,Chair,Furniture,20277
1870,Mirror,Home Decor,26933
1871,Jeans,Clothing,46871
1872,Headphones,Electronics,48770
1873,Mirror,Home Decor,5069
1874,Table,Furniture,71606
1875,Shelf,Furniture,1991
1876,Rug,Home Decor,32597
1877,Sofa,Furniture,8734
1878,Comic,Books,24330
1879,Shoes,Clothing,77922
1880,Desk,Furniture,77637
1881,Journal,Books,50274
1882,Tablet,Electronics,70344
1883,Tablet,Electronics,73619
1884,Shelf,Furniture,59330
1885,Hat,Clothing,43539
1886,Tablet,Electronics,72783
1887,Table,Furniture,62829
1888,Vase,Home Decor,80352
1889,Chair,Furniture,64862
1890,Chair,Furniture,60258
1891,Tablet,Electronics,32964
1892,Hat,Clothing,9479
1893,Desk,Furniture,89119
1894,Sofa,Furniture,61574
1895,Headphones,Electronics,96197
1896,Sofa,Furniture,60513
1897,Jacket,Clothing,5842
1898,Mirror,Home Decor,53549
1899,Desk,Furniture,90868
1900,Desk,Furniture,96017
1901,Comic,Books,93740
1902,Shirt,Clothing,97597
1903,Hat,Clothing,13087
1904,Vase,Home Decor,33040
1905,Sofa,Furniture,85679
1906,Jacket,Clothing,22229
1907,Monitor,Electronics,7458
1908,Hat,Clothing,84523
1909,Journal,Books,30233
1910,Rug,Home Decor,90999
1911,Rug,Home Decor,56764
1912,Shirt,Clothing,59250
1913,Desk,Furniture,84135
1914,Clock,Home Decor,30589
1915,Journal,Books,40721
1916,Phone,Electronics,3298
1917,Shelf,Furniture,26164
1918,Hat,Clothing,74019
1919,Phone,Electronics,17521
1920,Atlas,Books,72662
1921,Novel,Books,48528
1922,Lamp,Home Decor,14882
1923,Shelf,Furniture,74979
1924,Comic,Books,62363
1925,Jacket,Clothing,61053
1926,Clock,Home Decor,86696
1927,Sofa,Furniture,80174
1928,Phone,Electronics,58315
1929,Headphones,Electronics,44279
1930,Textbook,Books,9483
1931,Sofa,Furniture,80754
1932,Chair,Furniture,47455
1933,Textbook,Books,92579
1934,Rug,Home Decor,17938
1935,Jeans,Clothing,31866
1936,Desk,Furniture,80293
1937,Jacket,Clothing,40423
1938,Shoes,Clothing,60373
1939,Comic,Books,83857
1940,Jacket,Clothing,54736
1941,Table,Furniture,77918
1942,Table,Furniture,68621
1943,Shirt,Clothing,53068
1944,Clock,Home Decor,5911
1945,Headphones,Electronics,99176
1946,Table,Furniture,74050
1947,Hat,Clothing,8291
1948,Headphones,Electronics,20421
1949,Textbook,Books,94994
1950,Table,Furniture,62690
1951,Desk,Furniture,19446
1952,Sofa,Furniture,94571
1953,Tablet,Electronics,17136
1954,Table,Furniture,12640
1955,Comic,Books,55284
1956,Tablet,Electronics,34095
1957,Headphones,Electronics,44857
1958,Shirt,Clothing,57688
1959,Novel,Books,50220
1960,Novel,Books,49797
1961,Tablet,Electronics,52749
1962,Textbook,Books,95276
1963,Rug,Home Decor,43765
1964,Chair,Furniture,15989
1965,Phone,Electronics,73285
1966,Sofa,Furniture,16761
1967,Shelf,Furniture,52382
1968,Novel,Books,61405
1969,Mirror,Home Decor,57797
1970,Vase,Home Decor,50637
1971,Vase,Home Decor,47782
1972,Textbook,Books,49452
1973,Jacket,Clothing,2908
1974,Clock,Home Decor,94785
1975,Tablet,Electronics,93265
1976,Jeans,Clothing,57015
1977,Clock,Home Decor,66239
1978,Shelf,Furniture,39101
1979,Shirt,Clothing,92837
1980,Comic,Books,77476
1981,Comic,Books,31326
1982,Phone,Electronics,21510
1983,Sofa,Furniture,13623
1984,Shoes,Clothing,37520
1985,Rug,Home Decor,81066
1986,Lamp,Home Decor,9983
1987,Jacket,Clothing,27374
1988,Desk,Furniture,85427
1989,Monitor,Electronics,20916
1990,Headphones,Electronics,90678
1991,Shirt,Clothing,81264
1992,Hat,Clothing,5069
1993,Lamp,Home Decor,27571
1994,Rug,Home Decor,35697
1995,Comic,Books,51390
1996,Shoes,Clothing,75450
1997,Headphones,Electronics,9321
1998,Atlas,Books,5438
1999,Tablet,Electronics,27905
2000,Table,Furniture,77832
